{
  "ABIRoot": {
    "kind": "Root",
    "name": "TopLevel",
    "printedName": "TopLevel",
    "children": [
      {
        "kind": "Import",
        "name": "Foundation",
        "printedName": "Foundation",
        "declKind": "Import",
        "moduleName": "DependencyInjection",
        "declAttributes": [
          "RawDocComment"
        ]
      },
      {
        "kind": "Import",
        "name": "Foundation",
        "printedName": "Foundation",
        "declKind": "Import",
        "moduleName": "DependencyInjection",
        "declAttributes": [
          "RawDocComment"
        ]
      },
      {
        "kind": "Import",
        "name": "Foundation",
        "printedName": "Foundation",
        "declKind": "Import",
        "moduleName": "DependencyInjection",
        "declAttributes": [
          "RawDocComment"
        ]
      },
      {
        "kind": "TypeDecl",
        "name": "Injectable",
        "printedName": "Injectable",
        "children": [
          {
            "kind": "Constructor",
            "name": "init",
            "printedName": "init()",
            "children": [
              {
                "kind": "TypeNominal",
                "name": "GenericTypeParam",
                "printedName": "τ_0_0"
              }
            ],
            "declKind": "Constructor",
            "usr": "s:19DependencyInjection10InjectablePxycfc",
            "mangledName": "$s19DependencyInjection10InjectablePxycfc",
            "moduleName": "DependencyInjection",
            "genericSig": "<τ_0_0 where τ_0_0 : DependencyInjection.Injectable>",
            "sugared_genericSig": "<Self where Self : DependencyInjection.Injectable>",
            "protocolReq": true,
            "reqNewWitnessTableEntry": true,
            "init_kind": "Designated"
          }
        ],
        "declKind": "Protocol",
        "usr": "s:19DependencyInjection10InjectableP",
        "mangledName": "$s19DependencyInjection10InjectableP",
        "moduleName": "DependencyInjection",
        "declAttributes": [
          "AccessControl"
        ]
      },
      {
        "kind": "TypeDecl",
        "name": "Mock",
        "printedName": "Mock",
        "declKind": "Protocol",
        "usr": "s:19DependencyInjection4MockP",
        "mangledName": "$s19DependencyInjection4MockP",
        "moduleName": "DependencyInjection",
        "genericSig": "<τ_0_0 : DependencyInjection.Injectable>",
        "sugared_genericSig": "<Self : DependencyInjection.Injectable>",
        "declAttributes": [
          "AccessControl",
          "RawDocComment"
        ],
        "conformances": [
          {
            "kind": "Conformance",
            "name": "Injectable",
            "printedName": "Injectable",
            "usr": "s:19DependencyInjection10InjectableP",
            "mangledName": "$s19DependencyInjection10InjectableP"
          }
        ]
      },
      {
        "kind": "TypeDecl",
        "name": "Primary",
        "printedName": "Primary",
        "declKind": "Protocol",
        "usr": "s:19DependencyInjection7PrimaryP",
        "mangledName": "$s19DependencyInjection7PrimaryP",
        "moduleName": "DependencyInjection",
        "genericSig": "<τ_0_0 : DependencyInjection.Injectable>",
        "sugared_genericSig": "<Self : DependencyInjection.Injectable>",
        "declAttributes": [
          "AccessControl",
          "RawDocComment"
        ],
        "conformances": [
          {
            "kind": "Conformance",
            "name": "Injectable",
            "printedName": "Injectable",
            "usr": "s:19DependencyInjection10InjectableP",
            "mangledName": "$s19DependencyInjection10InjectableP"
          }
        ]
      },
      {
        "kind": "Import",
        "name": "Foundation",
        "printedName": "Foundation",
        "declKind": "Import",
        "moduleName": "DependencyInjection",
        "declAttributes": [
          "RawDocComment"
        ]
      },
      {
        "kind": "TypeDecl",
        "name": "Injected",
        "printedName": "Injected",
        "children": [
          {
            "kind": "Var",
            "name": "wrappedValue",
            "printedName": "wrappedValue",
            "children": [
              {
                "kind": "TypeNominal",
                "name": "GenericTypeParam",
                "printedName": "τ_0_0"
              }
            ],
            "declKind": "Var",
            "usr": "s:19DependencyInjection8InjectedV12wrappedValuexvp",
            "mangledName": "$s19DependencyInjection8InjectedV12wrappedValuexvp",
            "moduleName": "DependencyInjection",
            "declAttributes": [
              "AccessControl"
            ],
            "accessors": [
              {
                "kind": "Accessor",
                "name": "Get",
                "printedName": "Get()",
                "children": [
                  {
                    "kind": "TypeNominal",
                    "name": "GenericTypeParam",
                    "printedName": "τ_0_0"
                  }
                ],
                "declKind": "Accessor",
                "usr": "s:19DependencyInjection8InjectedV12wrappedValuexvg",
                "mangledName": "$s19DependencyInjection8InjectedV12wrappedValuexvg",
                "moduleName": "DependencyInjection",
                "genericSig": "<τ_0_0>",
                "sugared_genericSig": "<Dependency>",
                "declAttributes": [
                  "Mutating"
                ],
                "accessorKind": "get"
              },
              {
                "kind": "Accessor",
                "name": "Set",
                "printedName": "Set()",
                "children": [
                  {
                    "kind": "TypeNominal",
                    "name": "Void",
                    "printedName": "()"
                  },
                  {
                    "kind": "TypeNominal",
                    "name": "GenericTypeParam",
                    "printedName": "τ_0_0"
                  }
                ],
                "declKind": "Accessor",
                "usr": "s:19DependencyInjection8InjectedV12wrappedValuexvs",
                "mangledName": "$s19DependencyInjection8InjectedV12wrappedValuexvs",
                "moduleName": "DependencyInjection",
                "genericSig": "<τ_0_0>",
                "sugared_genericSig": "<Dependency>",
                "accessorKind": "set"
              },
              {
                "kind": "Accessor",
                "name": "Modify",
                "printedName": "Modify()",
                "children": [
                  {
                    "kind": "TypeNominal",
                    "name": "Void",
                    "printedName": "()"
                  }
                ],
                "declKind": "Accessor",
                "usr": "s:19DependencyInjection8InjectedV12wrappedValuexvM",
                "mangledName": "$s19DependencyInjection8InjectedV12wrappedValuexvM",
                "moduleName": "DependencyInjection",
                "genericSig": "<τ_0_0>",
                "sugared_genericSig": "<Dependency>",
                "implicit": true,
                "accessorKind": "_modify"
              }
            ]
          },
          {
            "kind": "Constructor",
            "name": "init",
            "printedName": "init()",
            "children": [
              {
                "kind": "TypeNominal",
                "name": "Injected",
                "printedName": "DependencyInjection.Injected<τ_0_0>",
                "children": [
                  {
                    "kind": "TypeNominal",
                    "name": "GenericTypeParam",
                    "printedName": "τ_0_0"
                  }
                ],
                "usr": "s:19DependencyInjection8InjectedV"
              }
            ],
            "declKind": "Constructor",
            "usr": "s:19DependencyInjection8InjectedVACyxGycfc",
            "mangledName": "$s19DependencyInjection8InjectedVACyxGycfc",
            "moduleName": "DependencyInjection",
            "genericSig": "<τ_0_0>",
            "sugared_genericSig": "<Dependency>",
            "declAttributes": [
              "AccessControl"
            ],
            "init_kind": "Designated"
          }
        ],
        "declKind": "Struct",
        "usr": "s:19DependencyInjection8InjectedV",
        "mangledName": "$s19DependencyInjection8InjectedV",
        "moduleName": "DependencyInjection",
        "genericSig": "<τ_0_0>",
        "sugared_genericSig": "<Dependency>",
        "declAttributes": [
          "AccessControl",
          "PropertyWrapper"
        ]
      },
      {
        "kind": "Import",
        "name": "Foundation",
        "printedName": "Foundation",
        "declKind": "Import",
        "moduleName": "DependencyInjection",
        "declAttributes": [
          "RawDocComment"
        ]
      },
      {
        "kind": "Import",
        "name": "Foundation",
        "printedName": "Foundation",
        "declKind": "Import",
        "moduleName": "DependencyInjection"
      },
      {
        "kind": "Function",
        "name": "stopInjection",
        "printedName": "stopInjection()",
        "children": [
          {
            "kind": "TypeNominal",
            "name": "Void",
            "printedName": "()"
          }
        ],
        "declKind": "Func",
        "usr": "s:19DependencyInjection04stopB0yyF",
        "mangledName": "$s19DependencyInjection04stopB0yyF",
        "moduleName": "DependencyInjection",
        "declAttributes": [
          "AccessControl",
          "RawDocComment"
        ],
        "funcSelfKind": "NonMutating"
      },
      {
        "kind": "Function",
        "name": "instance",
        "printedName": "instance(_:_:)",
        "children": [
          {
            "kind": "TypeNominal",
            "name": "Void",
            "printedName": "()"
          },
          {
            "kind": "TypeNominal",
            "name": "ProtocolComposition",
            "printedName": "Any"
          },
          {
            "kind": "TypeNominal",
            "name": "Metatype",
            "printedName": "τ_0_0.Type",
            "children": [
              {
                "kind": "TypeNominal",
                "name": "GenericTypeParam",
                "printedName": "τ_0_0"
              }
            ]
          }
        ],
        "declKind": "Func",
        "usr": "s:19DependencyInjection8instanceyyyp_xmtAA10InjectableRzlF",
        "mangledName": "$s19DependencyInjection8instanceyyyp_xmtAA10InjectableRzlF",
        "moduleName": "DependencyInjection",
        "genericSig": "<τ_0_0 where τ_0_0 : DependencyInjection.Injectable>",
        "sugared_genericSig": "<T where T : DependencyInjection.Injectable>",
        "declAttributes": [
          "AccessControl",
          "RawDocComment"
        ],
        "funcSelfKind": "NonMutating"
      },
      {
        "kind": "Function",
        "name": "shared",
        "printedName": "shared(_:_:)",
        "children": [
          {
            "kind": "TypeNominal",
            "name": "Void",
            "printedName": "()"
          },
          {
            "kind": "TypeNominal",
            "name": "ProtocolComposition",
            "printedName": "Any"
          },
          {
            "kind": "TypeNominal",
            "name": "Metatype",
            "printedName": "τ_0_0.Type",
            "children": [
              {
                "kind": "TypeNominal",
                "name": "GenericTypeParam",
                "printedName": "τ_0_0"
              }
            ]
          }
        ],
        "declKind": "Func",
        "usr": "s:19DependencyInjection6sharedyyyp_xmtAA10InjectableRzlF",
        "mangledName": "$s19DependencyInjection6sharedyyyp_xmtAA10InjectableRzlF",
        "moduleName": "DependencyInjection",
        "genericSig": "<τ_0_0 where τ_0_0 : DependencyInjection.Injectable>",
        "sugared_genericSig": "<T where T : DependencyInjection.Injectable>",
        "declAttributes": [
          "AccessControl",
          "RawDocComment"
        ],
        "funcSelfKind": "NonMutating"
      },
      {
        "kind": "Function",
        "name": "global",
        "printedName": "global(_:_:)",
        "children": [
          {
            "kind": "TypeNominal",
            "name": "Void",
            "printedName": "()"
          },
          {
            "kind": "TypeNominal",
            "name": "ProtocolComposition",
            "printedName": "Any"
          },
          {
            "kind": "TypeNominal",
            "name": "Metatype",
            "printedName": "τ_0_0.Type",
            "children": [
              {
                "kind": "TypeNominal",
                "name": "GenericTypeParam",
                "printedName": "τ_0_0"
              }
            ]
          }
        ],
        "declKind": "Func",
        "usr": "s:19DependencyInjection6globalyyyp_xmtAA10InjectableRzlF",
        "mangledName": "$s19DependencyInjection6globalyyyp_xmtAA10InjectableRzlF",
        "moduleName": "DependencyInjection",
        "genericSig": "<τ_0_0 where τ_0_0 : DependencyInjection.Injectable>",
        "sugared_genericSig": "<T where T : DependencyInjection.Injectable>",
        "declAttributes": [
          "AccessControl",
          "RawDocComment"
        ],
        "funcSelfKind": "NonMutating"
      },
      {
        "kind": "TypeDecl",
        "name": "ModuleContract",
        "printedName": "ModuleContract",
        "children": [
          {
            "kind": "Function",
            "name": "get",
            "printedName": "get()",
            "children": [
              {
                "kind": "TypeNominal",
                "name": "Void",
                "printedName": "()"
              }
            ],
            "declKind": "Func",
            "usr": "s:19DependencyInjection14ModuleContractP3getyyFZ",
            "mangledName": "$s19DependencyInjection14ModuleContractP3getyyFZ",
            "moduleName": "DependencyInjection",
            "genericSig": "<τ_0_0 where τ_0_0 : DependencyInjection.ModuleContract>",
            "sugared_genericSig": "<Self where Self : DependencyInjection.ModuleContract>",
            "static": true,
            "protocolReq": true,
            "declAttributes": [
              "RawDocComment"
            ],
            "reqNewWitnessTableEntry": true,
            "funcSelfKind": "NonMutating"
          }
        ],
        "declKind": "Protocol",
        "usr": "s:19DependencyInjection14ModuleContractP",
        "mangledName": "$s19DependencyInjection14ModuleContractP",
        "moduleName": "DependencyInjection",
        "genericSig": "<τ_0_0 : AnyObject>",
        "sugared_genericSig": "<Self : AnyObject>",
        "declAttributes": [
          "AccessControl",
          "RawDocComment"
        ]
      },
      {
        "kind": "Import",
        "name": "Foundation",
        "printedName": "Foundation",
        "declKind": "Import",
        "moduleName": "DependencyInjection",
        "declAttributes": [
          "RawDocComment"
        ]
      },
      {
        "kind": "Import",
        "name": "Foundation",
        "printedName": "Foundation",
        "declKind": "Import",
        "moduleName": "DependencyInjection",
        "declAttributes": [
          "RawDocComment"
        ]
      },
      {
        "kind": "Import",
        "name": "Foundation",
        "printedName": "Foundation",
        "declKind": "Import",
        "moduleName": "DependencyInjection",
        "declAttributes": [
          "RawDocComment"
        ]
      }
    ],
    "json_format_version": 8
  },
  "ConstValues": [
    {
      "filePath": "\/Users\/albertogarcia-munoz\/Documents\/Repositories\/iOS\/DependencyInjection-Compiled\/fastlane\/DependencyInjection\/Sources\/DependencyInjectionError.swift",
      "kind": "StringLiteral",
      "offset": 544,
      "length": 54,
      "value": "\"Multiple Mocks registered for the same type: \""
    },
    {
      "filePath": "\/Users\/albertogarcia-munoz\/Documents\/Repositories\/iOS\/DependencyInjection-Compiled\/fastlane\/DependencyInjection\/Sources\/DependencyInjectionError.swift",
      "kind": "StringLiteral",
      "offset": 597,
      "length": 1,
      "value": "\"\""
    },
    {
      "filePath": "\/Users\/albertogarcia-munoz\/Documents\/Repositories\/iOS\/DependencyInjection-Compiled\/fastlane\/DependencyInjection\/Sources\/DependencyInjectionError.swift",
      "kind": "StringLiteral",
      "offset": 673,
      "length": 58,
      "value": "\"Multiple Primaries registered for the same type: \""
    },
    {
      "filePath": "\/Users\/albertogarcia-munoz\/Documents\/Repositories\/iOS\/DependencyInjection-Compiled\/fastlane\/DependencyInjection\/Sources\/DependencyInjectionError.swift",
      "kind": "StringLiteral",
      "offset": 730,
      "length": 1,
      "value": "\"\""
    },
    {
      "filePath": "\/Users\/albertogarcia-munoz\/Documents\/Repositories\/iOS\/DependencyInjection-Compiled\/fastlane\/DependencyInjection\/Sources\/DependencyInjectionError.swift",
      "kind": "StringLiteral",
      "offset": 806,
      "length": 57,
      "value": "\"Multiple Defaults registered for the same type: \""
    },
    {
      "filePath": "\/Users\/albertogarcia-munoz\/Documents\/Repositories\/iOS\/DependencyInjection-Compiled\/fastlane\/DependencyInjection\/Sources\/DependencyInjectionError.swift",
      "kind": "StringLiteral",
      "offset": 862,
      "length": 1,
      "value": "\"\""
    },
    {
      "filePath": "\/Users\/albertogarcia-munoz\/Documents\/Repositories\/iOS\/DependencyInjection-Compiled\/fastlane\/DependencyInjection\/Sources\/DependencyInjectionError.swift",
      "kind": "StringLiteral",
      "offset": 930,
      "length": 42,
      "value": "\"Missing implementation for type: \""
    },
    {
      "filePath": "\/Users\/albertogarcia-munoz\/Documents\/Repositories\/iOS\/DependencyInjection-Compiled\/fastlane\/DependencyInjection\/Sources\/DependencyInjectionError.swift",
      "kind": "StringLiteral",
      "offset": 971,
      "length": 1,
      "value": "\"\""
    },
    {
      "filePath": "\/Users\/albertogarcia-munoz\/Documents\/Repositories\/iOS\/DependencyInjection-Compiled\/fastlane\/DependencyInjection\/Sources\/DependencyInjectionError.swift",
      "kind": "StringLiteral",
      "offset": 1035,
      "length": 56,
      "value": "\"Nullable injected type: \""
    },
    {
      "filePath": "\/Users\/albertogarcia-munoz\/Documents\/Repositories\/iOS\/DependencyInjection-Compiled\/fastlane\/DependencyInjection\/Sources\/DependencyInjectionError.swift",
      "kind": "StringLiteral",
      "offset": 1067,
      "length": 1,
      "value": "\". This is not supported\""
    },
    {
      "filePath": "\/Users\/albertogarcia-munoz\/Documents\/Repositories\/iOS\/DependencyInjection-Compiled\/fastlane\/DependencyInjection\/Sources\/Resolvers\/GlobalResolver.swift",
      "kind": "Dictionary",
      "offset": 261,
      "length": 3,
      "value": "[]"
    },
    {
      "filePath": "\/Users\/albertogarcia-munoz\/Documents\/Repositories\/iOS\/DependencyInjection-Compiled\/fastlane\/DependencyInjection\/Sources\/Resolvers\/GlobalResolver.swift",
      "kind": "Dictionary",
      "offset": 322,
      "length": 3,
      "value": "[]"
    },
    {
      "filePath": "\/Users\/albertogarcia-munoz\/Documents\/Repositories\/iOS\/DependencyInjection-Compiled\/fastlane\/DependencyInjection\/Sources\/Resolvers\/GlobalResolver.swift",
      "kind": "Array",
      "offset": 558,
      "length": 2,
      "value": "[]"
    },
    {
      "filePath": "\/Users\/albertogarcia-munoz\/Documents\/Repositories\/iOS\/DependencyInjection-Compiled\/fastlane\/DependencyInjection\/Sources\/Resolvers\/InstanceResolver.swift",
      "kind": "Dictionary",
      "offset": 265,
      "length": 3,
      "value": "[]"
    },
    {
      "filePath": "\/Users\/albertogarcia-munoz\/Documents\/Repositories\/iOS\/DependencyInjection-Compiled\/fastlane\/DependencyInjection\/Sources\/Resolvers\/InstanceResolver.swift",
      "kind": "Array",
      "offset": 501,
      "length": 2,
      "value": "[]"
    },
    {
      "filePath": "\/Users\/albertogarcia-munoz\/Documents\/Repositories\/iOS\/DependencyInjection-Compiled\/fastlane\/DependencyInjection\/Sources\/Resolver.swift",
      "kind": "IntegerLiteral",
      "offset": 544,
      "length": 1,
      "value": "1"
    },
    {
      "filePath": "\/Users\/albertogarcia-munoz\/Documents\/Repositories\/iOS\/DependencyInjection-Compiled\/fastlane\/DependencyInjection\/Sources\/Resolver.swift",
      "kind": "IntegerLiteral",
      "offset": 819,
      "length": 1,
      "value": "1"
    },
    {
      "filePath": "\/Users\/albertogarcia-munoz\/Documents\/Repositories\/iOS\/DependencyInjection-Compiled\/fastlane\/DependencyInjection\/Sources\/Resolver.swift",
      "kind": "IntegerLiteral",
      "offset": 1043,
      "length": 1,
      "value": "1"
    },
    {
      "filePath": "\/Users\/albertogarcia-munoz\/Documents\/Repositories\/iOS\/DependencyInjection-Compiled\/fastlane\/DependencyInjection\/Sources\/Resolver.swift",
      "kind": "StringLiteral",
      "offset": 1476,
      "length": 26,
      "value": "\"^(Swift.Optional<).*(>)$\""
    },
    {
      "filePath": "\/Users\/albertogarcia-munoz\/Documents\/Repositories\/iOS\/DependencyInjection-Compiled\/fastlane\/DependencyInjection\/Sources\/Resolver.swift",
      "kind": "IntegerLiteral",
      "offset": 1558,
      "length": 1,
      "value": "0"
    },
    {
      "filePath": "\/Users\/albertogarcia-munoz\/Documents\/Repositories\/iOS\/DependencyInjection-Compiled\/fastlane\/DependencyInjection\/Sources\/Resolver.swift",
      "kind": "Array",
      "offset": 1632,
      "length": 2,
      "value": "[]"
    },
    {
      "filePath": "\/Users\/albertogarcia-munoz\/Documents\/Repositories\/iOS\/DependencyInjection-Compiled\/fastlane\/DependencyInjection\/Sources\/Runtime.swift",
      "kind": "IntegerLiteral",
      "offset": 394,
      "length": 1,
      "value": "0"
    },
    {
      "filePath": "\/Users\/albertogarcia-munoz\/Documents\/Repositories\/iOS\/DependencyInjection-Compiled\/fastlane\/DependencyInjection\/Sources\/Runtime.swift",
      "kind": "IntegerLiteral",
      "offset": 550,
      "length": 1,
      "value": "0"
    },
    {
      "filePath": "\/Users\/albertogarcia-munoz\/Documents\/Repositories\/iOS\/DependencyInjection-Compiled\/fastlane\/DependencyInjection\/Sources\/Runtime.swift",
      "kind": "StringLiteral",
      "offset": 680,
      "length": 3,
      "value": "\"\/\""
    },
    {
      "filePath": "\/Users\/albertogarcia-munoz\/Documents\/Repositories\/iOS\/DependencyInjection-Compiled\/fastlane\/DependencyInjection\/Sources\/Runtime.swift",
      "kind": "StringLiteral",
      "offset": 757,
      "length": 14,
      "value": "\"\""
    },
    {
      "filePath": "\/Users\/albertogarcia-munoz\/Documents\/Repositories\/iOS\/DependencyInjection-Compiled\/fastlane\/DependencyInjection\/Sources\/Runtime.swift",
      "kind": "StringLiteral",
      "offset": 763,
      "length": 1,
      "value": "\".Module\""
    },
    {
      "filePath": "\/Users\/albertogarcia-munoz\/Documents\/Repositories\/iOS\/DependencyInjection-Compiled\/fastlane\/DependencyInjection\/Sources\/Resolvers\/SharedResolver.swift",
      "kind": "Dictionary",
      "offset": 261,
      "length": 3,
      "value": "[]"
    },
    {
      "filePath": "\/Users\/albertogarcia-munoz\/Documents\/Repositories\/iOS\/DependencyInjection-Compiled\/fastlane\/DependencyInjection\/Sources\/Resolvers\/SharedResolver.swift",
      "kind": "Array",
      "offset": 591,
      "length": 2,
      "value": "[]"
    }
  ]
}